{
  "project_info": {
    "project_number": "585011273243",
    "project_id": "ekart-ea288",
    "storage_bucket": "ekart-ea288.appspot.com"
  },
  "client": [
    {
      "client_info": {
        "mobilesdk_app_id": "1:585011273243:android:0388e7978348e738fca2be",
        "android_client_info": {
          "package_name": "com.app.shopping"
        }
      },
      "oauth_client": [
        {
          "client_id": "585011273243-c2f7fg2itkkd6f9j7rfjpmbkekodv5e6.apps.googleusercontent.com",
          "client_type": 3
        }
      ],
      "api_key": [
        {
          "current_key": "AIzaSyBlZY-kCvKWVJBFJg2V18Wj9TfYEl9oAQo"
        }
      ],
      "services": {
        "appinvite_service": {
          "other_platform_oauth_client": [
            {
              "client_id": "585011273243-c2f7fg2itkkd6f9j7rfjpmbkekodv5e6.apps.googleusercontent.com",
              "client_type": 3
            }
          ]
        }
      }
    }
  ],
  "configuration_version": "1"
}